"metric","value"
"accuracy",0.864665648449432
"precision",0.900008582954253
"recall",0.92314464301435
"f1_score",0.911429813124728
"train_accuracy",0.872488561766461
